scope	path	PS425795b_blob	PSf168f83_blob	TF06ad4f7_blob	TF56cb041_blob	PS232_blob	PS_changed	TF_changed	PS232_equals_TF
saved	.github/workflows/Initialize-CiToolchain.ps1	dc0d195c72d8404e45c6eb39cb102898fd22b667	dc0d195c72d8404e45c6eb39cb102898fd22b667	906460d818674199b32294185ed6525c143b48bb	906460d818674199b32294185ed6525c143b48bb	dc0d195c72d8404e45c6eb39cb102898fd22b667	False	False	False
saved	.github/workflows/Test-CiHelpers.test.mjs	d29e7bec8d4c9cdf04714bb601b0be5cc93f4350	ed4e9ef4b5bea4967477c9b11666e90b2a8be49e	7855cc0c1be90096abae979168ed1e282d535998	6b063a8143a5737bed51c0a5282c857ffefdca95	4098cd1c6d8dadd114fbd1c7a7da5b1918d9eacb	True	True	False
saved	.github/workflows/Validate-WorkflowPolicy.mjs	f90f1dd32a8944651de3d5311e84b08043801fd4	997d9eac5ce93c379179b6ba75d1839cb6eb4f73	995b72a7b48dea2636094d81226893a519950797	36da1d6085e0e67ab1faaccff073dc3caccfbc62	36da1d6085e0e67ab1faaccff073dc3caccfbc62	True	True	True
saved	.github/workflows/Validate-WorkflowPolicy.test.mjs	3f0abda0049fdeacb85c8493937b768ddc999c4a	295da6170ae721ca8c02509b308ac3660f66a974	aa1be01df5a3c8b5369bf8e4313089de9c356365	295da6170ae721ca8c02509b308ac3660f66a974	295da6170ae721ca8c02509b308ac3660f66a974	True	True	True
saved	.github/workflows/workflow-policy-cases.json	a0dbaeea819a469fd0da0fed6b8db28db03acd2e	5f19dc9175dd7dd3f9eb2cd8369ece8986e29326	7e63fc866ac9ee62b5cf436ab9d06789c804ae4e	5f19dc9175dd7dd3f9eb2cd8369ece8986e29326	5f19dc9175dd7dd3f9eb2cd8369ece8986e29326	True	True	True
saved	.github/workflows/workflow-policy-contract.json	d44a87f46f60e0cc80a3293aa90d7ed6e1c5d161	53d81439e58eb33b95bb1e6f97bc1a124c0b5fac	09ccc8139ef8a90da08e75f2c467ac47a0b868ff	b7ab4acd91e45652836fe35069dce5268a8e3395	53d81439e58eb33b95bb1e6f97bc1a124c0b5fac	True	True	False
saved	.github/workflows/ci-toolchain.json	740a7749945acbf53e9981241ea553dc1431d3c8	740a7749945acbf53e9981241ea553dc1431d3c8	740a7749945acbf53e9981241ea553dc1431d3c8	740a7749945acbf53e9981241ea553dc1431d3c8	740a7749945acbf53e9981241ea553dc1431d3c8	False	False	True
saved	.github/workflows/Test-CheckoutCredentials.ps1	85905890f1eebd304fb8f6613b3e93a67c42043a	85905890f1eebd304fb8f6613b3e93a67c42043a	45db9b3fdfa3e85f05d6b567fbaa547d16a8132d	45db9b3fdfa3e85f05d6b567fbaa547d16a8132d	85905890f1eebd304fb8f6613b3e93a67c42043a	False	False	False
saved	.github/workflows/Classify-InstructionMaintenance.mjs	c36ffc6bf2f845f2ff297e2045799331365634e0	c36ffc6bf2f845f2ff297e2045799331365634e0	00c5857b701c9c85668f9fe66e33838f82d313e8	916e0a34258de762772fa888808e403e798099f3	e09a17d8fb394ff9d1465baf2d9a6286c288e04d	False	True	False
saved	.github/workflows/build.yml	73a13567131229fb10f8360334bf758b7c7deaa7	d499e1f8c2b3a8b6bc7f6af5445aa0ab97d44dc7	6cbd7f1233baf28ea2242b2a6207b6ebd29ad073	38c0b643a7bc41189bd15f57c3197d2fcff12ab1	d499e1f8c2b3a8b6bc7f6af5445aa0ab97d44dc7	True	True	False
saved	.github/workflows/markdownlint.yml	599f0ff30a26ed5a41d3bcbd8a15405211e2441d	59054973e607c793e821f0ba21fc32143a716b43	e665a1b1e45de4f33b62b64fd75c4974b9156b4d	7a4f8c4a8379745c7e83934b0a5804e588d9681d	59054973e607c793e821f0ba21fc32143a716b43	True	True	False
saved	.github/workflows/agent-instructions.yml	bd559e5e9b7015d83f45f705a4e7862dc2dc11d5	a35931f8a7de2c9a8d029c24ba796179399b9a56	7bf29f43ea081e9861ad53ecf0951831bf878075	dfff2364064ca3ac8e030fad0e404b3676a16edb	4020163b9d5f594232f76e54f9aeb28c3676a123	True	True	False
saved	.github/workflows/copilot-setup-steps.yml	66d7cda6249a8811490742004a90f5eb644ab688	b0f7fb0b657232fa0e857e946d725fdd6876c028	de6d55690478deacc6bb58f65f4f437cb43cc87e	1e63056656df62e78f4b6aaa5f14f0c81b9055cb	3585d8534ff6b2820debe306c540f6c9cea187c2	True	True	False
saved	.github/workflows/scripts-README.md	17e5633d0e1485ad51e2edb83eb9156a81bc17e7	17e5633d0e1485ad51e2edb83eb9156a81bc17e7	cc6a3b60a9c19249d9d3e083493ea76e9c006ad3	b049d7881a2cd2ba144dd63b67e10bb0287a7aaf	6446258f0d71c22ff68aceb64c87121d3f9c72d8	False	True	False
saved	package.json	0421d27aaf9d0facb15b5aa2a214d0757c768358	0421d27aaf9d0facb15b5aa2a214d0757c768358	dec41f61c36e5770487eb431bd57f2f7dfe62832	dec41f61c36e5770487eb431bd57f2f7dfe62832	0421d27aaf9d0facb15b5aa2a214d0757c768358	False	False	False
current-coupled	package-lock.json	not-expanded	d1ea73040ebc936011269b802f57dee4ec05baf7	not-expanded	50a7973086b1ed0e596b71b87336469ce48ef653	d1ea73040ebc936011269b802f57dee4ec05baf7	n/a	n/a	False
current-coupled	.github/workflows/package.json	not-expanded	b09ca859508430050dc0b023b3dba62e50748680	not-expanded	10078fa5c1f4817a5705188ba61e46a02be41ec4	b09ca859508430050dc0b023b3dba62e50748680	n/a	n/a	False
current-coupled	.github/workflows/package-lock.json	not-expanded	27cc70ba810dfb3f410014542142154f86509196	not-expanded	41f8b76d5ad3a9134a9f2f46b00c81ec62bc4b2f	27cc70ba810dfb3f410014542142154f86509196	n/a	n/a	False
current-coupled	.github/workflows/Classify-InstructionMaintenance.test.mjs	not-expanded	dfda67ad00c602280ec716d8407e1816de495452	not-expanded	dfda67ad00c602280ec716d8407e1816de495452	dfda67ad00c602280ec716d8407e1816de495452	n/a	n/a	True
